{
  "project_info": {
    "project_number": "5032530088",
    "firebase_url": "https://project-02-final-41e06-default-rtdb.firebaseio.com",
    "project_id": "project-02-final-41e06",
    "storage_bucket": "project-02-final-41e06.appspot.com"
  },
  "client": [
    {
      "client_info": {
        "mobilesdk_app_id": "1:5032530088:android:773759dde9963fae1b729d",
        "android_client_info": {
          "package_name": "com.example.admin"
        }
      },
      "oauth_client": [
        {
          "client_id": "5032530088-kitgs6c45b5r3irivoh8q856e37k6ir8.apps.googleusercontent.com",
          "client_type": 3
        }
      ],
      "api_key": [
        {
          "current_key": "AIzaSyAhS3l043A-c9sJkrzodpptt5bPcPU19DA"
        }
      ],
      "services": {
        "appinvite_service": {
          "other_platform_oauth_client": [
            {
              "client_id": "5032530088-kitgs6c45b5r3irivoh8q856e37k6ir8.apps.googleusercontent.com",
              "client_type": 3
            },
            {
              "client_id": "5032530088-24gov2k2346dbk7ndmqu2mremns502od.apps.googleusercontent.com",
              "client_type": 2,
              "ios_info": {
                "bundle_id": "com.example.project02Final"
              }
            }
          ]
        }
      }
    },
    {
      "client_info": {
        "mobilesdk_app_id": "1:5032530088:android:f87d84304aa840481b729d",
        "android_client_info": {
          "package_name": "com.example.consultancybooking"
        }
      },
      "oauth_client": [
        {
          "client_id": "5032530088-kitgs6c45b5r3irivoh8q856e37k6ir8.apps.googleusercontent.com",
          "client_type": 3
        }
      ],
      "api_key": [
        {
          "current_key": "AIzaSyAhS3l043A-c9sJkrzodpptt5bPcPU19DA"
        }
      ],
      "services": {
        "appinvite_service": {
          "other_platform_oauth_client": [
            {
              "client_id": "5032530088-kitgs6c45b5r3irivoh8q856e37k6ir8.apps.googleusercontent.com",
              "client_type": 3
            },
            {
              "client_id": "5032530088-24gov2k2346dbk7ndmqu2mremns502od.apps.googleusercontent.com",
              "client_type": 2,
              "ios_info": {
                "bundle_id": "com.example.project02Final"
              }
            }
          ]
        }
      }
    },
    {
      "client_info": {
        "mobilesdk_app_id": "1:5032530088:android:cae3c5764f9222431b729d",
        "android_client_info": {
          "package_name": "com.example.project_02_final"
        }
      },
      "oauth_client": [
        {
          "client_id": "5032530088-kitgs6c45b5r3irivoh8q856e37k6ir8.apps.googleusercontent.com",
          "client_type": 3
        }
      ],
      "api_key": [
        {
          "current_key": "AIzaSyAhS3l043A-c9sJkrzodpptt5bPcPU19DA"
        }
      ],
      "services": {
        "appinvite_service": {
          "other_platform_oauth_client": [
            {
              "client_id": "5032530088-kitgs6c45b5r3irivoh8q856e37k6ir8.apps.googleusercontent.com",
              "client_type": 3
            },
            {
              "client_id": "5032530088-24gov2k2346dbk7ndmqu2mremns502od.apps.googleusercontent.com",
              "client_type": 2,
              "ios_info": {
                "bundle_id": "com.example.project02Final"
              }
            }
          ]
        }
      }
    }
  ],
  "configuration_version": "1"
}